	item	gold	gru	elman
1	mata	m/1 a/0 t/0 a/1 d/1 o/0 r/0	m/1 a/0 T/1 A/0 d/1 o/0 r/0	m/1 a/0 T/1 A/0 d/1 o/0 r/0
2	lire	/1 i/0 r/1 e/0	l/1 i/0 R/0 e/0	l/1 i/0 R/0 e/0
3	syrup	s/1 y/0 r/0 u/1 p/0	s/1 y/0 R/1 U/0 p/0	s/1 y/0 R/1 U/0 p/0
6	bullish	b/1 u/0 l/0 l/0 i/1 s/0 h/0	b/1 u/0 l/0 L/1 I/0 s/0 h/0	b/1 u/0 l/0 L/1 I/0 s/0 h/0
9	agave	a/1 g/1 a/0 v/1 e/0	a/1 g/1 a/0 V/0 e/0	a/1 g/1 a/0 V/0 e/0
10	missy	m/1 i/0 s/0 s/0 y/1	m/1 i/0 s/0 S/1 Y/0	m/1 i/0 s/0 S/1 Y/0
11	banyan	b/1 a/0 n/0 y/1 a/0 n/0	b/1 a/0 n/0 y/1 A/1 n/0	b/1 a/0 n/0 y/1 A/1 n/0
13	campe	c/1 a/0 m/0 p/0 e/1 r/0	c/1 a/0 m/0 P/1 E/0 r/0	c/1 a/0 m/0 P/1 E/0 r/0
15	gazeb	g/1 a/0 z/1 e/0 b/1 o/0	g/1 a/0 Z/0 e/0 b/1 o/0	g/1 a/0 Z/0 e/0 b/1 o/0
19	buffe	b/1 u/0 f/0 f/0 e/1 r/0	b/1 u/0 f/0 F/1 E/0 r/0	b/1 u/0 f/0 F/1 E/0 r/0
21	beachcombe	b/1 e/0 a/0 c/0 h/0 c/1 o/0 m/0 b/0 e/1 r/0	b/1 e/0 a/0 c/0 h/0 c/1 o/0 m/0 B/1 E/0 r/0	b/1 e/0 a/0 c/0 h/0 c/1 o/0 m/0 B/1 E/0 r/0
27	ynamism	/1 y/0 n/1 a/0 m/1 i/0 s/0 m/0	/1 y/0 n/1 a/0 M/0 I/1 s/0 m/0	/1 y/0 n/1 a/0 M/0 I/1 s/0 m/0
29	ecommen	r/1 e/0 c/0 o/1 m/0 m/1 e/0 n/0 d/0	/1 e/0 C/1 O/0 m/0 m/1 e/0 n/0 d/0	/1 e/0 C/1 O/0 m/0 m/1 e/0 n/0 d/0
31	pierce	p/1 i/0 e/0 r/0 c/0 e/0	p/1 i/0 E/1 r/0 c/0 e/0	p/1 i/0 E/1 r/0 c/0 e/0
35	larde	/1 a/0 r/0 d/1 e/0 r/0	l/1 a/0 r/0 D/0 E/1 r/0	l/1 a/0 r/0 D/0 E/1 r/0
40	prairie	p/1 r/0 a/0 i/0 r/1 i/0 e/0	p/1 r/0 a/0 i/0 R/0 I/1 e/0	p/1 r/0 a/0 i/0 R/0 I/1 e/0
43	hyperbole	h/1 y/0 p/1 e/0 r/0 b/1 o/0 l/1 e/0	h/1 y/0 p/1 e/0 r/0 b/1 o/0 L/0 e/0	h/1 y/0 p/1 e/0 r/0 b/1 o/0 L/0 e/0
51	gestalt	g/1 e/0 s/1 t/0 a/0 l/0 t/0	g/1 e/0 S/0 T/1 a/0 l/0 t/0	g/1 e/0 S/0 T/1 a/0 l/0 t/0
53	engende	e/1 n/0 g/1 e/0 n/0 d/1 e/0 r/0	/1 n/0 g/1 e/0 n/0 D/0 E/1 r/0	/1 n/0 g/1 e/0 n/0 D/0 E/1 r/0
54	stanhope	s/1 t/0 a/0 n/0 h/1 o/0 p/0 e/0	s/1 t/0 a/0 n/0 H/0 o/0 p/0 e/0	s/1 t/0 a/0 n/0 H/0 o/0 p/0 e/0
56	ab	a/1 b/0 r/0	a/1 B/1 r/0	a/1 B/1 r/0
57	paprika	p/1 a/0 p/0 r/1 i/0 k/1 a/0	p/1 a/0 P/1 R/0 i/0 k/1 a/0	p/1 a/0 P/1 R/0 i/0 k/1 a/0
60	clumsy	c/1 l/0 u/0 m/0 s/1 y/0	c/1 l/0 u/0 m/0 S/0 Y/1	c/1 l/0 u/0 m/0 S/0 Y/1
64	espionage	e/1 s/0 p/1 i/0 o/1 n/1 a/0 g/0 e/0	/1 s/0 p/1 i/0 o/1 N/0 A/1 g/0 e/0	/1 s/0 p/1 i/0 o/1 N/0 A/1 g/0 e/0
72	embolism	e/1 m/0 b/1 o/0 l/1 i/0 s/0 m/0	/1 m/0 b/1 o/0 L/0 I/1 s/0 m/0	/1 m/0 b/1 o/0 L/0 I/1 s/0 m/0
77	arche	a/1 r/0 c/0 h/0 e/1 r/0	a/1 r/0 C/1 h/0 E/0 r/0	a/1 r/0 C/1 h/0 E/0 r/0
78	endemic	e/1 n/0 d/0 e/0 m/0 i/0 c/0	/1 n/0 D/1 e/0 m/0 I/1 c/0	/1 n/0 D/1 e/0 m/0 I/1 c/0
85	messy	m/1 e/0 s/0 s/0 y/1	m/1 e/0 s/0 S/1 y/1	m/1 e/0 s/0 S/1 y/1
87	snorkel	s/1 n/0 o/0 r/0 k/1 e/0 l/0	s/1 n/0 o/0 r/0 K/0 E/1 l/0	s/1 n/0 o/0 r/0 K/0 E/1 l/0
89	yez	/1 y/1 e/0 z/0	o/1 Y/0 e/0 z/0	o/1 Y/0 e/0 z/0
101	panache	p/1 a/0 n/1 a/0 c/0 h/0 e/0	p/1 a/0 N/0 A/1 c/0 h/0 e/0	p/1 a/0 N/0 A/1 c/0 h/0 e/0
104	fulfilling	f/1 u/0 l/0 f/1 i/0 l/0 l/1 i/0 n/0 g/0	f/1 u/0 l/0 f/1 i/0 l/0 L/0 I/1 n/0 g/0	f/1 u/0 l/0 f/1 i/0 l/0 L/0 I/1 n/0 g/0
111	jell	j/1 e/0 l/0 l/0 o/1	j/1 e/0 l/0 L/1 O/0	j/1 e/0 l/0 L/1 O/0
122	ughty	/1 o/0 u/0 g/0 h/0 t/1 y/0	/1 o/0 u/0 g/0 h/0 T/0 Y/1	/1 o/0 u/0 g/0 h/0 T/0 Y/1
131	scenic	s/1 c/0 e/0 n/1 i/0 c/0	s/1 c/0 e/0 N/0 I/1 c/0	s/1 c/0 e/0 N/0 I/1 c/0
132	carte	c/1 a/0 r/0 t/0 e/1 r/0	c/1 a/0 r/0 T/1 E/0 r/0	c/1 a/0 r/0 T/1 E/0 r/0
135	courtroom	c/1 o/0 u/0 r/0 t/0 r/1 o/0 o/0 m/0	c/1 o/0 u/0 r/0 T/1 R/0 o/0 o/0 m/0	c/1 o/0 u/0 r/0 T/1 R/0 o/0 o/0 m/0
139	cliche	c/1 l/0 i/0 c/1 h/0 e/0	c/1 l/0 i/0 C/0 h/0 e/0	c/1 l/0 i/0 C/0 h/0 e/0
155	a	a/1 r/1	a/1 R/0	a/1 R/0
158	palazz	p/1 a/0 l/1 a/0 z/0 z/1 o/0	p/1 a/0 L/0 A/1 z/0 z/1 o/0	p/1 a/0 L/0 A/1 z/0 z/1 o/0
162	histamine	h/1 i/0 s/0 t/1 a/0 m/1 i/0 n/0 e/0	h/1 i/0 s/0 t/1 a/0 M/0 I/1 n/0 e/0	h/1 i/0 s/0 t/1 a/0 M/0 I/1 n/0 e/0
171	ental	r/1 e/0 n/0 t/0 a/1 l/0	/1 e/0 n/0 T/1 A/0 l/0	/1 e/0 n/0 T/1 A/0 l/0
175	bailey	b/1 a/0 i/0 l/1 e/0 y/0	b/1 a/0 i/0 L/0 E/1 y/0	b/1 a/0 i/0 L/0 E/1 y/0
188	ende	r/1 e/0 n/0 d/0 e/1 r/0	/1 e/0 n/0 D/1 E/0 r/0	/1 e/0 n/0 D/1 E/0 r/0
201	ente	r/1 e/0 n/0 t/0 e/1 r/0	/1 e/0 n/0 T/1 E/0 r/0	/1 e/0 n/0 T/1 E/0 r/0
210	paleontology	p/1 a/0 l/1 e/0 o/1 n/0 t/1 o/0 l/0 o/1 g/1 y/0	p/1 a/0 L/0 E/1 o/1 n/0 t/1 o/0 l/0 o/1 g/1 y/0	p/1 a/0 L/0 E/1 o/1 n/0 t/1 o/0 l/0 o/1 g/1 y/0
215	plante	p/1 l/0 a/0 n/0 t/0 e/1 r/0	p/1 l/0 a/0 n/0 T/1 E/0 r/0	p/1 l/0 a/0 n/0 T/1 E/0 r/0
221	eam	r/1 e/0 a/0 m/0	/1 e/0 A/1 m/0	/1 e/0 A/1 m/0
222	cloiste	c/1 l/0 o/0 i/0 s/0 t/1 e/0 r/0	c/1 l/0 o/0 i/0 s/0 T/0 E/1 r/0	c/1 l/0 o/0 i/0 s/0 T/0 E/1 r/0
250	jesse	j/1 e/0 s/0 s/0 e/0	j/1 e/0 s/0 S/1 e/0	j/1 e/0 s/0 S/1 e/0
265	myelin	m/1 y/0 e/1 l/1 i/0 n/0	m/1 y/0 E/0 l/1 i/0 n/0	m/1 y/0 E/0 l/1 i/0 n/0
266	equiem	r/1 e/0 q/0 u/1 i/0 e/1 m/0	/1 e/0 Q/1 U/0 i/0 e/1 m/0	/1 e/0 Q/1 U/0 i/0 e/1 m/0
267	fathe	f/1 a/0 t/1 h/0 e/0 r/0	f/1 a/0 T/0 h/0 E/1 r/0	f/1 a/0 T/0 h/0 E/1 r/0
